<?xml version="1.0" encoding="UTF-8"?>
<!DOCTYPE mapper PUBLIC "-//mybatis.org//DTD Mapper 3.0//EN" "http://mybatis.org/dtd/mybatis-3-mapper.dtd">
<mapper namespace="com.tulingxueyuan.mall.modules.pms.mapper.PmsCommentMapper">

    <!-- 通用查询映射结果 -->
    <resultMap id="BaseResultMap" type="com.tulingxueyuan.mall.modules.pms.model.PmsComment">
        <id column="id" property="id" />
        <result column="product_id" property="productId" />
        <result column="member_nick_name" property="memberNickName" />
        <result column="product_name" property="productName" />
        <result column="star" property="star" />
        <result column="member_ip" property="memberIp" />
        <result column="create_time" property="createTime" />
        <result column="show_status" property="showStatus" />
        <result column="product_attribute" property="productAttribute" />
        <result column="collect_couont" property="collectCouont" />
        <result column="read_count" property="readCount" />
        <result column="content" property="content" />
        <result column="pics" property="pics" />
        <result column="member_icon" property="memberIcon" />
        <result column="replay_count" property="replayCount" />
    </resultMap>

</mapper>
