<?xml version="1.0" encoding="UTF-8"?>
<!DOCTYPE mapper PUBLIC "-//mybatis.org//DTD Mapper 3.0//EN" "http://mybatis.org/dtd/mybatis-3-mapper.dtd">
<mapper namespace="com.tulingxueyuan.mall.modules.pms.mapper.PmsProductVertifyRecordMapper">

    <!-- 通用查询映射结果 -->
    <resultMap id="BaseResultMap" type="com.tulingxueyuan.mall.modules.pms.model.PmsProductVertifyRecord">
        <id column="id" property="id" />
        <result column="product_id" property="productId" />
        <result column="create_time" property="createTime" />
        <result column="vertify_man" property="vertifyMan" />
        <result column="status" property="status" />
        <result column="detail" property="detail" />
    </resultMap>

</mapper>
