<?xml version="1.0" encoding="UTF-8"?>
<!DOCTYPE mapper PUBLIC "-//mybatis.org//DTD Mapper 3.0//EN" "http://mybatis.org/dtd/mybatis-3-mapper.dtd">
<mapper namespace="com.tulingxueyuan.mall.modules.pms.mapper.PmsProductCategoryMapper">

    <!-- 通用查询映射结果 -->
    <resultMap id="BaseResultMap" type="com.tulingxueyuan.mall.modules.pms.model.PmsProductCategory">
        <id column="id" property="id" />
        <result column="parent_id" property="parentId" />
        <result column="name" property="name" />
        <result column="level" property="level" />
        <result column="product_count" property="productCount" />
        <result column="product_unit" property="productUnit" />
        <result column="nav_status" property="navStatus" />
        <result column="show_status" property="showStatus" />
        <result column="sort" property="sort" />
        <result column="icon" property="icon" />
        <result column="keywords" property="keywords" />
        <result column="description" property="description" />
    </resultMap>

    <!-- 一级分类和二级分类的下拉级联数据 的resultMap-->
    <resultMap id="WithChildrenMap" type="com.tulingxueyuan.mall.dto.ProductCateChildrenDTO">
        <result property="id" column="id" ></result>
        <result property="name" column="name"></result>
        <collection property="children" columnPrefix="chirend_" resultMap="BaseResultMap"  ></collection>
    </resultMap>

    <!--获取商品一级分类和二级分类的下拉级联数据-->
    <select id="getWithChildren" resultMap="WithChildrenMap" >
        SELECT
        pc.id,
        pc.`name`,
        pc2.id chirend_id,
        pc2.`name` chirend_name
        FROM pms_product_category pc
        LEFT JOIN pms_product_category pc2 ON pc.id=pc2.parent_id and pc2.parent_id <![CDATA[<>]]> 0
        where pc.parent_id=0
    </select>

</mapper>
