<?xml version="1.0" encoding="UTF-8"?>
<!DOCTYPE mapper PUBLIC "-//mybatis.org//DTD Mapper 3.0//EN" "http://mybatis.org/dtd/mybatis-3-mapper.dtd">
<mapper namespace="com.tulingxueyuan.mall.modules.pms.mapper.PmsSkuStockMapper">

    <!-- 通用查询映射结果 -->
    <resultMap id="BaseResultMap" type="com.tulingxueyuan.mall.modules.pms.model.PmsSkuStock">
        <id column="id" property="id" />
        <result column="product_id" property="productId" />
        <result column="sku_code" property="skuCode" />
        <result column="price" property="price" />
        <result column="stock" property="stock" />
        <result column="low_stock" property="lowStock" />
        <result column="sp1" property="sp1" />
        <result column="sp2" property="sp2" />
        <result column="sp3" property="sp3" />
        <result column="pic" property="pic" />
        <result column="sale" property="sale" />
        <result column="promotion_price" property="promotionPrice" />
        <result column="lock_stock" property="lockStock" />
    </resultMap>

</mapper>
