<?xml version="1.0" encoding="UTF-8"?>
<!DOCTYPE mapper PUBLIC "-//mybatis.org//DTD Mapper 3.0//EN" "http://mybatis.org/dtd/mybatis-3-mapper.dtd">
<mapper namespace="com.tulingxueyuan.mall.modules.oms.mapper.OmsCartItemMapper">

    <!-- 通用查询映射结果 -->
    <resultMap id="BaseResultMap" type="com.tulingxueyuan.mall.modules.oms.model.OmsCartItem">
        <id column="id" property="id" />
        <result column="product_id" property="productId" />
        <result column="product_sku_id" property="productSkuId" />
        <result column="member_id" property="memberId" />
        <result column="quantity" property="quantity" />
        <result column="price" property="price" />
        <result column="sp1" property="sp1" />
        <result column="sp2" property="sp2" />
        <result column="sp3" property="sp3" />
        <result column="product_pic" property="productPic" />
        <result column="product_name" property="productName" />
        <result column="product_sub_title" property="productSubTitle" />
        <result column="product_sku_code" property="productSkuCode" />
        <result column="member_nickname" property="memberNickname" />
        <result column="create_date" property="createDate" />
        <result column="modify_date" property="modifyDate" />
        <result column="delete_status" property="deleteStatus" />
        <result column="product_category_id" property="productCategoryId" />
        <result column="product_brand" property="productBrand" />
        <result column="product_sn" property="productSn" />
        <result column="product_attr" property="productAttr" />
    </resultMap>

    <resultMap id="CartItemStockMap" extends="BaseResultMap" type="com.tulingxueyuan.mall.dto.CartItemStockDTO">
        <result property="stock" column="stock"></result>
    </resultMap>

    <select id="getCartItemStock" resultMap="CartItemStockMap">
        SELECT
        *,(SELECT stock-lock_stock FROM pms_sku_stock s WHERE  s.id=c.product_sku_id) as stock
        FROM oms_cart_item c
        WHERE c.delete_status=0 and c.member_id=#{memberId}

    </select>


    <!--根据多个购物车id批量查询 , 在xml中使用QueryWrapper， 使用customSqlSegment就可以获取mp帮我们生产条件sql语句-->
    <select id="getCartItemStockByIds" resultMap="CartItemStockMap">
        SELECT
        *,(SELECT stock-lock_stock FROM pms_sku_stock s WHERE  s.id=c.product_sku_id) as stock
        FROM oms_cart_item c
        ${ew.customSqlSegment}
    </select>


</mapper>
