<?xml version="1.0" encoding="UTF-8"?>
<!DOCTYPE mapper PUBLIC "-//mybatis.org//DTD Mapper 3.0//EN" "http://mybatis.org/dtd/mybatis-3-mapper.dtd">
<mapper namespace="com.tulingxueyuan.mall.modules.oms.mapper.OmsOrderItemMapper">

    <!-- 通用查询映射结果 -->
    <resultMap id="BaseResultMap" type="com.tulingxueyuan.mall.modules.oms.model.OmsOrderItem">
        <id column="id" property="id" />
        <result column="order_id" property="orderId" />
        <result column="order_sn" property="orderSn" />
        <result column="product_id" property="productId" />
        <result column="product_pic" property="productPic" />
        <result column="product_name" property="productName" />
        <result column="product_brand" property="productBrand" />
        <result column="product_sn" property="productSn" />
        <result column="product_price" property="productPrice" />
        <result column="product_quantity" property="productQuantity" />
        <result column="product_sku_id" property="productSkuId" />
        <result column="product_sku_code" property="productSkuCode" />
        <result column="product_category_id" property="productCategoryId" />
        <result column="sp1" property="sp1" />
        <result column="sp2" property="sp2" />
        <result column="sp3" property="sp3" />
        <result column="promotion_name" property="promotionName" />
        <result column="promotion_amount" property="promotionAmount" />
        <result column="coupon_amount" property="couponAmount" />
        <result column="integration_amount" property="integrationAmount" />
        <result column="real_amount" property="realAmount" />
        <result column="gift_integration" property="giftIntegration" />
        <result column="gift_growth" property="giftGrowth" />
        <result column="product_attr" property="productAttr" />
    </resultMap>

    <select id="selectByOrderId" resultMap="BaseResultMap">
    select  * from oms_order_item where order_id=#{id}
     </select>
</mapper>
