<?xml version="1.0" encoding="UTF-8"?>
<!DOCTYPE mapper PUBLIC "-//mybatis.org//DTD Mapper 3.0//EN" "http://mybatis.org/dtd/mybatis-3-mapper.dtd">
<mapper namespace="com.tulingxueyuan.mall.modules.ums.mapper.UmsMemberReceiveAddressMapper">

    <!-- 通用查询映射结果 -->
    <resultMap id="BaseResultMap" type="com.tulingxueyuan.mall.modules.ums.model.UmsMemberReceiveAddress">
        <id column="id" property="id" />
        <result column="member_id" property="memberId" />
        <result column="name" property="name" />
        <result column="phone_number" property="phoneNumber" />
        <result column="default_status" property="defaultStatus" />
        <result column="post_code" property="postCode" />
        <result column="province" property="province" />
        <result column="city" property="city" />
        <result column="region" property="region" />
        <result column="detail_address" property="detailAddress" />
    </resultMap>

</mapper>
