<?xml version="1.0" encoding="UTF-8"?>
<!DOCTYPE mapper PUBLIC "-//mybatis.org//DTD Mapper 3.0//EN" "http://mybatis.org/dtd/mybatis-3-mapper.dtd">
<mapper namespace="com.tulingxueyuan.mall.modules.ums.mapper.UmsMemberMapper">

    <!-- 通用查询映射结果 -->
    <resultMap id="BaseResultMap" type="com.tulingxueyuan.mall.modules.ums.model.UmsMember">
        <id column="id" property="id" />
        <result column="member_level_id" property="memberLevelId" />
        <result column="username" property="username" />
        <result column="password" property="password" />
        <result column="nickname" property="nickname" />
        <result column="phone" property="phone" />
        <result column="status" property="status" />
        <result column="create_time" property="createTime" />
        <result column="icon" property="icon" />
        <result column="gender" property="gender" />
        <result column="birthday" property="birthday" />
        <result column="city" property="city" />
        <result column="job" property="job" />
        <result column="personalized_signature" property="personalizedSignature" />
        <result column="source_type" property="sourceType" />
        <result column="integration" property="integration" />
        <result column="growth" property="growth" />
        <result column="luckey_count" property="luckeyCount" />
        <result column="history_integration" property="historyIntegration" />
    </resultMap>

</mapper>
